phase,generations,iterations,allocations,reallocations,peak_bytes,elapsed_us
empty_unbootstrapped_summary,0,100,0,0,0,1546
empty_unbootstrapped_report,0,100,300,0,36748,1895
empty_bootstrapped_summary,1,100,0,0,0,1570
empty_bootstrapped_report,1,100,1300,0,36838,2033
populated_unbootstrapped_summary,0,100,0,0,0,2146
populated_unbootstrapped_report,0,100,300,0,36748,1824
populated_bootstrapped_summary,1,100,0,0,0,1553
populated_bootstrapped_report,1,100,1300,0,36838,1853
encode_records_0,1,10,10,0,149,5
validate_records_0,1,10,0,0,0,0
recover_records_0,1,10,0,0,0,5
commit_records_0,1,10,10,20,96,2
encode_records_0,1024,10,10,0,153,2
validate_records_0,1024,10,0,0,0,0
recover_records_0,1024,10,0,0,0,2
commit_records_0,1024,10,10,20,96,1
encode_records_0,18446744073709551615,10,10,0,165,2
validate_records_0,18446744073709551615,10,0,0,0,0
recover_records_0,18446744073709551615,10,0,0,0,2
commit_records_0,18446744073709551615,10,10,20,96,1
encode_records_1,1,10,10,0,245,2
validate_records_1,1,10,10,0,104,0
recover_records_1,1,10,30,0,181,13
commit_records_1,1,10,40,30,237,4
encode_records_1,1024,10,10,0,249,2
validate_records_1,1024,10,10,0,104,0
recover_records_1,1024,10,30,0,181,10
commit_records_1,1024,10,40,30,237,4
encode_records_1,18446744073709551615,10,10,0,261,2
validate_records_1,18446744073709551615,10,10,0,104,0
recover_records_1,18446744073709551615,10,30,0,181,10
commit_records_1,18446744073709551615,10,40,30,237,4
encode_records_64,1,10,10,0,6389,6
validate_records_64,1,10,90,0,1032,17
recover_records_64,1,10,740,0,3998,498
commit_records_64,1,10,750,90,15222,170
encode_records_64,1024,10,10,0,6393,3
validate_records_64,1024,10,90,0,1032,17
recover_records_64,1024,10,740,0,3998,484
commit_records_64,1024,10,750,90,15222,165
encode_records_64,18446744073709551615,10,10,0,6405,8
validate_records_64,18446744073709551615,10,90,0,1032,17
recover_records_64,18446744073709551615,10,740,0,3998,522
commit_records_64,18446744073709551615,10,750,90,15222,163
encode_records_255,1,10,10,0,25262,9
validate_records_255,1,10,390,0,4632,108
recover_records_255,1,10,2950,0,16507,2044
commit_records_255,1,10,2960,110,61027,698
encode_records_255,1024,10,10,0,25266,12
validate_records_255,1024,10,390,0,4632,99
recover_records_255,1024,10,2950,0,16507,2093
commit_records_255,1024,10,2960,110,61027,689
encode_records_255,18446744073709551615,10,10,0,25278,11
validate_records_255,18446744073709551615,10,390,0,4632,134
recover_records_255,18446744073709551615,10,2950,0,16507,2270
commit_records_255,18446744073709551615,10,2960,110,61027,664
recover_text_128,1,10,30,0,296,21
recover_text_129,1,10,50,50,674,20
recover_text_1024,1,10,20,40,200,13
recover_text_8192,1,10,20,40,200,72
recover_text_32768,1,10,20,40,200,277
