source,phase,generations,iterations,allocations,reallocations,peak_bytes,elapsed_us
baseline,encode,1,10,10,60,512,14
candidate,encode,1,10,10,0,418,5
baseline,validate,1,10,10,0,104,0
candidate,validate,1,10,0,0,0,0
baseline,encode,64,10,10,70,22704,12
candidate,encode,64,10,10,0,11422,4
baseline,validate,64,10,100,0,1136,17
candidate,validate,64,10,0,0,0,0
baseline,encode,1024,10,10,70,366784,174
candidate,encode,1024,10,10,0,183464,66
baseline,validate,1024,10,1710,0,20184,200
candidate,validate,1024,10,0,0,0,17
baseline,encode,16384,10,10,70,5896384,2816
candidate,encode,16384,10,10,0,2948264,612
baseline,validate,16384,10,27280,0,320960,5865
candidate,validate,16384,10,0,0,0,343
baseline,encode,65536,10,10,70,23591104,3065
candidate,encode,65536,10,10,0,11795632,4327
baseline,validate,65536,10,109220,0,1285648,25038
candidate,validate,65536,10,0,0,0,1474
