variant,records,phase,encoded_bytes,allocations,reallocations,peak_heap_bytes,reads,read_bytes,writes,write_bytes,grows,grown_pages,memory_pages
released_0.27.1,0,encode,266,1,0,266,0,0,0,0,0,0,1
released_0.27.1,0,reopen,266,3,0,374,2,274,0,0,0,0,1
released_0.27.1,0,reopen_commit,266,5,2,416,2,274,4,274,0,0,1
released_0.27.1,1,encode,466,1,0,466,0,0,0,0,0,0,1
released_0.27.1,1,reopen,466,6,0,774,2,474,0,0,0,0,1
released_0.27.1,1,reopen_commit,466,11,3,812,2,474,4,474,0,0,1
released_0.27.1,64,encode,13150,1,0,13150,0,0,0,0,0,0,1
released_0.27.1,64,reopen,13150,78,2,29534,2,13158,0,0,0,0,1
released_0.27.1,64,reopen_commit,13150,155,11,33630,2,13158,4,13158,0,0,1
released_0.27.1,255,encode,51732,1,0,51732,0,0,0,0,0,0,1
released_0.27.1,255,reopen,51732,301,6,117268,2,51740,0,0,0,0,1
released_0.27.1,255,reopen_commit,51732,601,17,133652,2,51740,4,51740,0,0,1
released_0.27.1,255,max_key_encode,109872,1,0,109872,0,0,0,0,0,0,2
released_0.27.1,255,max_key_reopen,109872,301,8,240944,2,109880,0,0,0,0,2
released_0.27.1,255,max_key_reopen_commit,109872,601,20,240968,2,109880,4,109880,0,0,2
single_snapshot_prototype,0,encode,144,1,0,144,0,0,0,0,0,0,1
single_snapshot_prototype,0,reopen,144,2,0,198,2,152,0,0,0,0,1
single_snapshot_prototype,0,reopen_commit,144,4,2,240,2,152,4,152,0,0,1
single_snapshot_prototype,1,encode,244,1,0,244,0,0,0,0,0,0,1
single_snapshot_prototype,1,reopen,244,5,0,398,2,252,0,0,0,0,1
single_snapshot_prototype,1,reopen_commit,244,10,3,436,2,252,4,252,0,0,1
single_snapshot_prototype,64,encode,6586,1,0,6586,0,0,0,0,0,0,1
single_snapshot_prototype,64,reopen,6586,77,1,14778,2,6594,0,0,0,0,1
single_snapshot_prototype,64,reopen_commit,6586,154,10,20480,2,6594,4,6594,0,0,1
single_snapshot_prototype,255,encode,25877,1,0,25877,0,0,0,0,0,0,1
single_snapshot_prototype,255,reopen,25877,300,3,58645,2,25885,0,0,0,0,1
single_snapshot_prototype,255,reopen_commit,25877,600,14,81920,2,25885,4,25885,0,0,1
single_snapshot_prototype,255,max_key_encode,54947,1,0,54947,0,0,0,0,0,0,1
single_snapshot_prototype,255,max_key_reopen,54947,300,4,120483,2,54955,0,0,0,0,1
single_snapshot_prototype,255,max_key_reopen_commit,54947,600,16,131096,2,54955,4,54955,0,0,1
